<?xml version="1.0" encoding="UTF-8"?>
<metadata xml:lang="en"><Esri><CreaDate>20190705</CreaDate><CreaTime>14553700</CreaTime><ArcGISFormat>1.0</ArcGISFormat><SyncOnce>TRUE</SyncOnce><DataProperties><lineage><Process ToolSource="C:\Program Files (x86)\ArcGIS\Desktop10.0\ArcToolbox\Toolboxes\Data Management Tools.tbx\CalculateField" Date="20190626" Time="183609">CalculateField "Pertanahan Sail" HTML_POP_U ""&lt;img src=" &amp; """" &amp; [FOTO] &amp; """" &amp; " /&gt;"" VB #</Process><Process ToolSource="C:\Program Files (x86)\ArcGIS\Desktop10.0\ArcToolbox\Toolboxes\Data Management Tools.tbx\CalculateField" Date="20190626" Time="195248">CalculateField "Pertanahan Sail" HTML_POP_U ""&lt;img src=" &amp; """" &amp; [FOTO] &amp; """" &amp; " /&gt;"" VB #</Process><Process ToolSource="C:\Program Files (x86)\ArcGIS\Desktop10.0\ArcToolbox\Toolboxes\Data Management Tools.tbx\CalculateField" Date="20190626" Time="223754">CalculateField "Pertanahan Sail" HTML_POP_U ""&lt;img src=" &amp; """" &amp; [FOTO] &amp; """" &amp; " /&gt;"" VB #</Process></lineage></DataProperties></Esri></metadata>
